Module,Component,Status,Progress,Assigned Developer,Completion Date,Sprint,Environment,TaskId
Authentication System,User Management SP,Complete,100,Michael Rodriguez,2025-09-18,Sprint 6,Development,1
Authentication System,Login Functions,Complete,100,David Park,2025-09-07,Sprint 6,Development,2
Authentication System,Permission Triggers,Pending,0,David Park,,Sprint 8,Development,3
Authentication System,Audit Procedures,Complete,100,David Park,2025-09-15,Sprint 8,Development,4
Data Processing Engine,ETL Stored Procedures,Complete,100,David Park,2025-09-03,Sprint 7,Development,5
Data Processing Engine,Data Validation Functions,Complete,100,Emma Thompson,2025-09-11,Sprint 6,Development,6
Data Processing Engine,Cleanup Routines,Complete,100,Michael Rodriguez,2025-08-29,Sprint 8,Development,7
Data Processing Engine,Error Handling SP,In Progress,29,David Park,,Sprint 8,Development,8
Analytics Core,Aggregation Functions,Complete,100,Sarah Mitchell,2025-09-22,Sprint 7,Development,9
Analytics Core,Statistical SP,In Progress,65,Alex Chen,,Sprint 8,Development,10
Analytics Core,Trend Analysis Functions,In Progress,49,Michael Rodriguez,,Sprint 8,Development,11
Analytics Core,KPI Calculation SP,Complete,100,Sarah Mitchell,2025-09-23,Sprint 6,Development,12
Reporting Framework,Report Generation SP,Complete,100,Sarah Mitchell,2025-09-24,Sprint 6,Development,13
Reporting Framework,Dashboard Functions,Complete,100,Lisa Wang,2025-08-28,Sprint 6,Development,14
Reporting Framework,Export Utilities,Complete,100,Michael Rodriguez,2025-09-18,Sprint 6,Development,15
Reporting Framework,Scheduling SP,In Progress,81,Emma Thompson,,Sprint 8,Development,16
Integration Layer,API Interface Functions,In Progress,33,David Park,,Sprint 8,Development,17
Integration Layer,Data Sync SP,Complete,100,Sarah Mitchell,2025-08-31,Sprint 7,Development,18
Integration Layer,Message Queue Handlers,Complete,100,Michael Rodriguez,2025-08-31,Sprint 8,Development,19
Integration Layer,External Connectors,Complete,100,Emma Thompson,2025-09-24,Sprint 8,Development,20
Security Module,Encryption Functions,Complete,100,Lisa Wang,2025-09-13,Sprint 8,Development,21
Security Module,Access Control SP,Complete,100,Alex Chen,2025-08-31,Sprint 7,Development,22
Security Module,Compliance Triggers,Complete,100,David Park,2025-09-06,Sprint 8,Development,23
Security Module,Monitoring Procedures,Complete,100,Michael Rodriguez,2025-09-08,Sprint 7,Development,24